operator_id,tanker_id,operator_name,phone,email,city,area,pincode,latitude,longitude,operator_type,verification_status,availability_status,tanker_registration_no,tanker_capacity_kl,tanker_type,water_type_supported,vehicle_model,fuel_type,vehicle_year,service_radius_km,completed_jobs,rating,estimated_price_per_km,registration_date,contract_id,contract_status,record_source
OP-BLR-0001,TNK-BLR-0001,Ravi Rao,+91-90000-10001,ravi.rao.1@example.com,Bengaluru,Bommanahalli,560068,12.903671,77.627684,contracted_placeholder,verified,offline,KA-01-TX-1001,12,Water Tanker,treated,Tata 709,Diesel,2020,15,62,4.3,22.53,2025-07-23,,to_be_added_later,synthetic
OP-BLR-0002,TNK-BLR-0002,Harish Mishra,+91-90000-10002,harish.mishra.2@example.com,Bengaluru,Rajajinagar,560010,12.987451,77.558909,contracted_placeholder,verified,available,KA-04-TX-1002,10,Water Tanker,treated,Eicher Pro 2055,Diesel,2018,10,150,4.1,29.18,2025-12-19,,to_be_added_later,synthetic
OP-BLR-0003,TNK-BLR-0003,Suresh Mishra,+91-90000-10003,suresh.mishra.3@example.com,Bengaluru,Hennur,560043,13.023897,77.637757,contracted_placeholder,verified,available,KA-51-TX-1003,12,Water Tanker,general,Tata Ultra,Diesel,2020,40,137,3.7,35.23,2025-10-24,,to_be_added_later,synthetic
OP-BLR-0004,TNK-BLR-0004,Harish Gowda,+91-90000-10004,harish.gowda.4@example.com,Bengaluru,HSR Layout,560102,12.908048,77.641071,contracted_placeholder,verified,available,KA-02-TX-1004,12,Water Tanker,fresh,Tata 709,Diesel,2019,30,97,4.6,25.27,2026-01-24,,to_be_added_later,synthetic
OP-BLR-0005,TNK-BLR-0005,Mithun Verma,+91-90000-10005,mithun.verma.5@example.com,Bengaluru,Banashankari,560085,12.922689,77.551093,contracted_placeholder,verified,offline,KA-03-TX-1005,10,Water Tanker,treated,Tata Ultra,Diesel,2022,15,175,4.5,29.91,2026-04-15,,to_be_added_later,synthetic
OP-BLR-0006,TNK-BLR-0006,Mohan Patil,+91-90000-10006,mohan.patil.6@example.com,Bengaluru,Indiranagar,560038,12.97582,77.641824,contracted_placeholder,verified,available,KA-41-TX-1006,10,Water Tanker,treated,Ashok Leyland Dost,Diesel,2025,25,63,3.7,22.94,2025-04-23,,to_be_added_later,synthetic
OP-BLR-0007,TNK-BLR-0007,Ajay Joshi,+91-90000-10007,ajay.joshi.7@example.com,Bengaluru,Indiranagar,560038,12.964916,77.639306,contracted_placeholder,document_update_required,busy,KA-41-TX-1007,14,Water Tanker,treated,Tata 709,Diesel,2025,50,152,4.0,34.82,2025-04-25,,to_be_added_later,synthetic
OP-BLR-0008,TNK-BLR-0008,Sachin Sharma,+91-90000-10008,sachin.sharma.8@example.com,Bengaluru,JP Nagar,560078,12.898352,77.589253,contracted_placeholder,verified,maintenance,KA-02-TX-1008,10,Water Tanker,treated,BharatBenz 1015R,Diesel,2025,30,116,3.9,29.48,2025-06-15,,to_be_added_later,synthetic
OP-BLR-0009,TNK-BLR-0009,Deepak Singh,+91-90000-10009,deepak.singh.9@example.com,Bengaluru,Electronic City,560100,12.83899,77.658008,contracted_placeholder,document_update_required,offline,KA-02-TX-1009,5,Water Tanker,general,Tata 709,Diesel,2018,40,4,4.3,23.38,2026-06-30,,to_be_added_later,synthetic
OP-BLR-0010,TNK-BLR-0010,Ramesh Singh,+91-90000-10010,ramesh.singh.10@example.com,Bengaluru,Koramangala,560034,12.929842,77.624943,contracted_placeholder,verified,maintenance,KA-41-TX-1010,14,Water Tanker,fresh,BharatBenz 1015R,Diesel,2023,40,140,4.5,30.76,2026-06-14,,to_be_added_later,synthetic
OP-BLR-0011,TNK-BLR-0011,Prakash Verma,+91-90000-10011,prakash.verma.11@example.com,Bengaluru,Kalyan Nagar,560043,13.018024,77.632337,contracted_placeholder,verified,busy,KA-01-TX-1011,5,Water Tanker,fresh,Ashok Leyland Partner,Diesel,2018,10,57,4.8,23.42,2025-09-01,,to_be_added_later,synthetic
OP-BLR-0012,TNK-BLR-0012,Abhishek Naik,+91-90000-10012,abhishek.naik.12@example.com,Bengaluru,Banashankari,560085,12.919617,77.553768,contracted_placeholder,verified,available,KA-04-TX-1012,14,Water Tanker,treated,Tata 709,Diesel,2023,20,138,4.2,31.34,2025-02-25,,to_be_added_later,synthetic
OP-BLR-0013,TNK-BLR-0013,Mahesh Nair,+91-90000-10013,mahesh.nair.13@example.com,Bengaluru,BTM Layout,560076,12.921409,77.603848,contracted_placeholder,verified,busy,KA-02-TX-1013,10,Water Tanker,treated,Ashok Leyland Partner,Diesel,2018,25,86,4.7,39.12,2025-04-11,,to_be_added_later,synthetic
OP-BLR-0014,TNK-BLR-0014,Suraj Kumar,+91-90000-10014,suraj.kumar.14@example.com,Bengaluru,Sarjapur,562125,12.867422,77.791979,contracted_placeholder,verified,available,KA-02-TX-1014,14,Water Tanker,general,Ashok Leyland Dost,Diesel,2023,10,23,5.0,27.3,2026-04-11,,to_be_added_later,synthetic
OP-BLR-0015,TNK-BLR-0015,Sachin Pillai,+91-90000-10015,sachin.pillai.15@example.com,Bengaluru,JP Nagar,560078,12.909795,77.580177,contracted_placeholder,verified,maintenance,KA-41-TX-1015,12,Water Tanker,treated,Eicher Pro 2055,Diesel,2017,10,169,4.4,32.06,2026-06-28,,to_be_added_later,synthetic
OP-BLR-0016,TNK-BLR-0016,Mahesh Yadav,+91-90000-10016,mahesh.yadav.16@example.com,Bengaluru,KR Puram,560036,13.013121,77.688496,contracted_placeholder,verified,offline,KA-04-TX-1016,6,Water Tanker,general,Ashok Leyland Partner,Diesel,2017,30,20,3.7,35.15,2026-06-20,,to_be_added_later,synthetic
OP-BLR-0017,TNK-BLR-0017,Mohan Naik,+91-90000-10017,mohan.naik.17@example.com,Bengaluru,Kengeri,560060,12.917559,77.478519,contracted_placeholder,verified,busy,KA-03-TX-1017,10,Water Tanker,general,Tata 709,Diesel,2017,25,171,4.5,33.26,2025-04-13,,to_be_added_later,synthetic
OP-BLR-0018,TNK-BLR-0018,Suraj Naik,+91-90000-10018,suraj.naik.18@example.com,Bengaluru,Bellandur,560103,12.926643,77.685332,contracted_placeholder,pending,offline,KA-03-TX-1018,8,Water Tanker,treated,Force Traveller,Diesel,2021,30,129,5.0,38.14,2026-06-26,,to_be_added_later,synthetic
OP-BLR-0019,TNK-BLR-0019,Mithun Hegde,+91-90000-10019,mithun.hegde.19@example.com,Bengaluru,Electronic City,560100,12.838857,77.66625,contracted_placeholder,verified,offline,KA-51-TX-1019,12,Water Tanker,treated,Tata Ultra,Diesel,2020,40,169,4.1,35.75,2025-09-28,,to_be_added_later,synthetic
OP-BLR-0020,TNK-BLR-0020,Mohan Reddy,+91-90000-10020,mohan.reddy.20@example.com,Bengaluru,Attibele,562107,12.778849,77.77527,contracted_placeholder,verified,available,KA-02-TX-1020,12,Water Tanker,treated,Mahindra Furio 7,Diesel,2025,40,23,4.2,22.19,2025-03-19,,to_be_added_later,synthetic
OP-BLR-0021,TNK-BLR-0021,Suraj Reddy,+91-90000-10021,suraj.reddy.21@example.com,Bengaluru,Indiranagar,560038,12.97322,77.63557,independent,verified,available,KA-01-TX-1021,16,Water Tanker,treated,Ashok Leyland Partner,Diesel,2018,20,94,4.7,39.68,2026-02-21,,,synthetic
OP-BLR-0022,TNK-BLR-0022,Lokesh Sharma,+91-90000-10022,lokesh.sharma.22@example.com,Bengaluru,Indiranagar,560038,12.978003,77.633597,independent,verified,available,KA-04-TX-1022,14,Water Tanker,general,Ashok Leyland Partner,Diesel,2021,15,45,4.7,24.16,2025-02-09,,,synthetic
OP-BLR-0023,TNK-BLR-0023,Harish Naik,+91-90000-10023,harish.naik.23@example.com,Bengaluru,Bommasandra,560099,12.813795,77.683829,independent,pending,available,KA-51-TX-1023,8,Water Tanker,treated,Tata 709,Diesel,2021,20,117,4.5,29.99,2026-07-04,,,synthetic
OP-BLR-0024,TNK-BLR-0024,Ravi Gowda,+91-90000-10024,ravi.gowda.24@example.com,Bengaluru,Rajarajeshwari Nagar,560098,12.922757,77.522401,independent,verified,available,KA-04-TX-1024,10,Water Tanker,general,Eicher Pro 3015,Diesel,2025,10,66,4.1,33.53,2025-09-18,,,synthetic
OP-BLR-0025,TNK-BLR-0025,Sachin Kumar,+91-90000-10025,sachin.kumar.25@example.com,Bengaluru,Marathahalli,560037,12.965909,77.698015,independent,verified,offline,KA-51-TX-1025,8,Water Tanker,treated,Eicher Pro 2055,Diesel,2022,40,133,4.8,36.4,2025-11-04,,,synthetic
OP-BLR-0026,TNK-BLR-0026,Pradeep Bhat,+91-90000-10026,pradeep.bhat.26@example.com,Bengaluru,Jayanagar,560041,12.928155,77.594671,independent,verified,busy,KA-04-TX-1026,12,Water Tanker,general,Tata Ultra,Diesel,2021,25,103,4.4,22.01,2025-10-21,,,synthetic
OP-BLR-0027,TNK-BLR-0027,Sachin Menon,+91-90000-10027,sachin.menon.27@example.com,Bengaluru,Yelahanka,560064,13.103175,77.59574,independent,verified,available,KA-04-TX-1027,14,Water Tanker,general,Ashok Leyland Dost,Diesel,2018,20,155,4.3,34.66,2025-12-10,,,synthetic
OP-BLR-0028,TNK-BLR-0028,Lokesh Hegde,+91-90000-10028,lokesh.hegde.28@example.com,Bengaluru,HSR Layout,560102,12.916505,77.633258,independent,verified,maintenance,KA-41-TX-1028,14,Water Tanker,treated,Eicher Pro 3015,Diesel,2020,40,57,4.6,31.89,2025-09-07,,,synthetic
OP-BLR-0029,TNK-BLR-0029,Arun Gowda,+91-90000-10029,arun.gowda.29@example.com,Bengaluru,Indiranagar,560038,12.967401,77.646066,independent,verified,available,KA-41-TX-1029,8,Water Tanker,general,Mahindra Furio 7,Diesel,2019,50,108,4.3,32.62,2025-11-21,,,synthetic
OP-BLR-0030,TNK-BLR-0030,Raghu Joshi,+91-90000-10030,raghu.joshi.30@example.com,Bengaluru,Kalyan Nagar,560043,13.024135,77.634547,independent,pending,available,KA-02-TX-1030,14,Water Tanker,treated,Force Traveller,Diesel,2024,40,140,3.9,30.8,2025-10-20,,,synthetic
OP-BLR-0031,TNK-BLR-0031,Santosh Bhat,+91-90000-10031,santosh.bhat.31@example.com,Bengaluru,Thanisandra,560077,13.065088,77.636489,independent,verified,available,KA-02-TX-1031,12,Water Tanker,treated,Eicher Pro 3015,Diesel,2022,30,81,4.3,23.25,2026-03-07,,,synthetic
OP-BLR-0032,TNK-BLR-0032,Ravi Menon,+91-90000-10032,ravi.menon.32@example.com,Bengaluru,Peenya,560058,13.032532,77.534384,independent,verified,available,KA-04-TX-1032,10,Water Tanker,fresh,Tata Ultra,Diesel,2020,25,97,3.9,30.72,2025-01-30,,,synthetic
OP-BLR-0033,TNK-BLR-0033,Rajesh Nair,+91-90000-10033,rajesh.nair.33@example.com,Bengaluru,Peenya,560058,13.038348,77.534013,independent,document_update_required,busy,KA-04-TX-1033,12,Water Tanker,fresh,Tata 709,Diesel,2023,15,42,4.8,25.63,2025-09-24,,,synthetic
OP-BLR-0034,TNK-BLR-0034,Deepak Naik,+91-90000-10034,deepak.naik.34@example.com,Bengaluru,Peenya,560058,13.03013,77.53148,independent,verified,offline,KA-04-TX-1034,8,Water Tanker,treated,Tata 407,Diesel,2025,10,116,5.0,29.0,2025-03-12,,,synthetic
OP-BLR-0035,TNK-BLR-0035,Ravi Verma,+91-90000-10035,ravi.verma.35@example.com,Bengaluru,Marathahalli,560037,12.964528,77.699341,independent,verified,available,KA-01-TX-1035,12,Water Tanker,treated,BharatBenz 1015R,Diesel,2022,15,51,4.4,41.27,2025-04-28,,,synthetic
OP-BLR-0036,TNK-BLR-0036,Anil Gowda,+91-90000-10036,anil.gowda.36@example.com,Bengaluru,KR Puram,560036,12.999911,77.692391,independent,verified,maintenance,KA-04-TX-1036,16,Water Tanker,treated,Tata Ultra,Diesel,2020,10,148,4.6,28.03,2025-05-04,,,synthetic
OP-BLR-0037,TNK-BLR-0037,Vikram Pillai,+91-90000-10037,vikram.pillai.37@example.com,Bengaluru,Marathahalli,560037,12.961684,77.690503,independent,verified,available,KA-04-TX-1037,14,Water Tanker,treated,Eicher Pro 2055,Diesel,2024,40,109,3.8,25.52,2026-06-19,,,synthetic
OP-BLR-0038,TNK-BLR-0038,Suraj Singh,+91-90000-10038,suraj.singh.38@example.com,Bengaluru,Banashankari,560085,12.924469,77.550496,independent,verified,offline,KA-01-TX-1038,8,Water Tanker,fresh,Mahindra Furio 7,Diesel,2023,20,119,3.6,39.02,2025-07-06,,,synthetic
OP-BLR-0039,TNK-BLR-0039,Dinesh Das,+91-90000-10039,dinesh.das.39@example.com,Bengaluru,Attibele,562107,12.774145,77.776085,independent,verified,available,KA-01-TX-1039,10,Water Tanker,treated,Ashok Leyland Partner,Diesel,2023,25,66,4.4,26.81,2026-05-03,,,synthetic
OP-BLR-0040,TNK-BLR-0040,Ashok Kumar,+91-90000-10040,ashok.kumar.40@example.com,Bengaluru,Attibele,562107,12.773408,77.76847,independent,verified,busy,KA-03-TX-1040,10,Water Tanker,fresh,Eicher Pro 3015,Diesel,2025,20,23,4.1,31.07,2025-11-10,,,synthetic
OP-BLR-0041,TNK-BLR-0041,Harish Gowda,+91-90000-10041,harish.gowda.41@example.com,Bengaluru,Hennur,560043,13.026949,77.634886,independent,document_update_required,busy,KA-02-TX-1041,8,Water Tanker,fresh,Tata Ultra,Diesel,2025,30,49,4.0,24.01,2025-07-18,,,synthetic
OP-BLR-0042,TNK-BLR-0042,Harish Das,+91-90000-10042,harish.das.42@example.com,Bengaluru,JP Nagar,560078,12.903136,77.589028,independent,verified,available,KA-01-TX-1042,12,Water Tanker,fresh,Ashok Leyland Dost,Diesel,2024,10,45,4.8,33.48,2026-04-26,,,synthetic
OP-BLR-0043,TNK-BLR-0043,Ashok Bhat,+91-90000-10043,ashok.bhat.43@example.com,Bengaluru,Bommasandra,560099,12.823648,77.67474,independent,pending,available,KA-01-TX-1043,10,Water Tanker,treated,Tata 407,Diesel,2019,15,47,4.7,40.98,2025-03-29,,,synthetic
OP-BLR-0044,TNK-BLR-0044,Prakash Pillai,+91-90000-10044,prakash.pillai.44@example.com,Bengaluru,Thanisandra,560077,13.060501,77.647852,independent,verified,busy,KA-04-TX-1044,16,Water Tanker,treated,Tata Ultra,Diesel,2023,20,106,4.4,23.2,2025-04-12,,,synthetic
OP-BLR-0045,TNK-BLR-0045,Dinesh Rao,+91-90000-10045,dinesh.rao.45@example.com,Bengaluru,Yelahanka,560064,13.093999,77.592138,independent,verified,available,KA-04-TX-1045,10,Water Tanker,fresh,BharatBenz 1015R,Diesel,2017,15,169,4.0,27.65,2026-04-10,,,synthetic
OP-BLR-0046,TNK-BLR-0046,Harish Rao,+91-90000-10046,harish.rao.46@example.com,Bengaluru,Bellandur,560103,12.931837,77.683262,independent,verified,available,KA-02-TX-1046,12,Water Tanker,general,Ashok Leyland Dost,Diesel,2018,10,160,3.8,28.15,2025-10-23,,,synthetic
OP-BLR-0047,TNK-BLR-0047,Prakash Mishra,+91-90000-10047,prakash.mishra.47@example.com,Bengaluru,Kalyan Nagar,560043,13.021865,77.63844,independent,verified,busy,KA-04-TX-1047,6,Water Tanker,treated,Eicher Pro 3015,Diesel,2022,30,176,4.0,23.83,2025-01-22,,,synthetic
OP-BLR-0048,TNK-BLR-0048,Suresh Sharma,+91-90000-10048,suresh.sharma.48@example.com,Bengaluru,Banashankari,560085,12.925803,77.545876,independent,verified,maintenance,KA-04-TX-1048,12,Water Tanker,fresh,Tata 709,Diesel,2024,20,120,4.2,28.42,2025-04-18,,,synthetic
OP-BLR-0049,TNK-BLR-0049,Rajesh Joshi,+91-90000-10049,rajesh.joshi.49@example.com,Bengaluru,KR Puram,560036,13.007428,77.698001,independent,verified,offline,KA-01-TX-1049,10,Water Tanker,treated,Eicher Pro 2055,Diesel,2018,50,177,4.2,32.29,2025-01-02,,,synthetic
OP-BLR-0050,TNK-BLR-0050,Pradeep Reddy,+91-90000-10050,pradeep.reddy.50@example.com,Bengaluru,Banaswadi,560043,13.014495,77.652962,independent,verified,available,KA-01-TX-1050,8,Water Tanker,fresh,BharatBenz 1015R,Diesel,2024,40,48,4.3,22.58,2025-09-03,,,synthetic
OP-BLR-0051,TNK-BLR-0051,Anil Pillai,+91-90000-10051,anil.pillai.51@example.com,Bengaluru,KR Puram,560036,13.008336,77.688891,independent,document_update_required,offline,KA-04-TX-1051,16,Water Tanker,fresh,Ashok Leyland Dost,Diesel,2024,40,3,4.0,36.11,2026-03-02,,,synthetic
OP-BLR-0052,TNK-BLR-0052,Nithin Verma,+91-90000-10052,nithin.verma.52@example.com,Bengaluru,Bommasandra,560099,12.81702,77.676837,independent,pending,available,KA-02-TX-1052,14,Water Tanker,treated,Eicher Pro 3015,Diesel,2022,50,116,4.3,38.41,2025-10-17,,,synthetic
OP-BLR-0053,TNK-BLR-0053,Abhishek Patil,+91-90000-10053,abhishek.patil.53@example.com,Bengaluru,Jayanagar,560041,12.925617,77.591322,independent,verified,busy,KA-04-TX-1053,16,Water Tanker,general,Ashok Leyland Partner,Diesel,2023,15,114,4.8,30.22,2025-11-22,,,synthetic
OP-BLR-0054,TNK-BLR-0054,Karthik Nair,+91-90000-10054,karthik.nair.54@example.com,Bengaluru,Bommasandra,560099,12.820878,77.681132,independent,verified,maintenance,KA-02-TX-1054,10,Water Tanker,fresh,Tata 709,Diesel,2024,10,169,4.3,31.14,2025-05-28,,,synthetic
OP-BLR-0055,TNK-BLR-0055,Naveen Shetty,+91-90000-10055,naveen.shetty.55@example.com,Bengaluru,Rajajinagar,560010,12.995504,77.54924,independent,verified,available,KA-01-TX-1055,14,Water Tanker,general,Force Traveller,Diesel,2023,20,120,4.5,39.75,2026-05-15,,,synthetic
OP-BLR-0056,TNK-BLR-0056,Vijay Verma,+91-90000-10056,vijay.verma.56@example.com,Bengaluru,Marathahalli,560037,12.96205,77.693998,independent,verified,available,KA-01-TX-1056,14,Water Tanker,fresh,Tata 709,Diesel,2024,15,161,4.6,40.07,2025-02-17,,,synthetic
OP-BLR-0057,TNK-BLR-0057,Mahesh Hegde,+91-90000-10057,mahesh.hegde.57@example.com,Bengaluru,Kengeri,560060,12.912097,77.477029,independent,verified,busy,KA-02-TX-1057,6,Water Tanker,treated,Eicher Pro 3015,Diesel,2020,25,91,4.9,24.86,2026-04-18,,,synthetic
OP-BLR-0058,TNK-BLR-0058,Yogesh Rao,+91-90000-10058,yogesh.rao.58@example.com,Bengaluru,Hennur,560043,13.02205,77.635874,independent,pending,busy,KA-02-TX-1058,5,Water Tanker,general,Tata Ultra,Diesel,2021,40,170,4.9,35.81,2026-04-13,,,synthetic
OP-BLR-0059,TNK-BLR-0059,Ganesh Nair,+91-90000-10059,ganesh.nair.59@example.com,Bengaluru,Jayanagar,560041,12.918706,77.591902,independent,verified,available,KA-51-TX-1059,8,Water Tanker,general,Eicher Pro 3015,Diesel,2021,10,123,4.4,35.72,2025-02-20,,,synthetic
OP-BLR-0060,TNK-BLR-0060,Rohit Verma,+91-90000-10060,rohit.verma.60@example.com,Bengaluru,Attibele,562107,12.781531,77.765504,independent,verified,available,KA-51-TX-1060,14,Water Tanker,fresh,Ashok Leyland Dost,Diesel,2018,40,155,4.5,28.18,2026-03-28,,,synthetic
OP-BLR-0061,TNK-BLR-0061,Shankar Patil,+91-90000-10061,shankar.patil.61@example.com,Bengaluru,Marathahalli,560037,12.965654,77.694628,independent,verified,available,KA-41-TX-1061,16,Water Tanker,treated,Force Traveller,Diesel,2021,50,23,3.8,40.28,2026-05-09,,,synthetic
OP-BLR-0062,TNK-BLR-0062,Rajesh Gowda,+91-90000-10062,rajesh.gowda.62@example.com,Bengaluru,JP Nagar,560078,12.913706,77.579952,independent,document_update_required,offline,KA-51-TX-1062,12,Water Tanker,treated,Force Traveller,Diesel,2022,10,119,4.7,22.28,2026-07-04,,,synthetic
OP-BLR-0063,TNK-BLR-0063,Yogesh Das,+91-90000-10063,yogesh.das.63@example.com,Bengaluru,Bommanahalli,560068,12.912084,77.620095,independent,verified,busy,KA-03-TX-1063,6,Water Tanker,treated,Tata 407,Diesel,2025,20,172,4.9,26.43,2025-03-06,,,synthetic
OP-BLR-0064,TNK-BLR-0064,Anil Joshi,+91-90000-10064,anil.joshi.64@example.com,Bengaluru,Banaswadi,560043,13.008436,77.65814,independent,verified,available,KA-01-TX-1064,8,Water Tanker,fresh,Eicher Pro 3015,Diesel,2024,20,29,4.5,36.86,2026-03-06,,,synthetic
OP-BLR-0065,TNK-BLR-0065,Pradeep Gowda,+91-90000-10065,pradeep.gowda.65@example.com,Bengaluru,Indiranagar,560038,12.97375,77.648225,independent,verified,busy,KA-02-TX-1065,10,Water Tanker,general,Eicher Pro 2055,Diesel,2018,40,125,4.1,40.03,2026-01-03,,,synthetic
OP-BLR-0066,TNK-BLR-0066,Vinod Rao,+91-90000-10066,vinod.rao.66@example.com,Bengaluru,Sarjapur,562125,12.868091,77.793584,independent,pending,available,KA-02-TX-1066,12,Water Tanker,fresh,Tata 407,Diesel,2017,50,48,4.1,41.78,2025-07-30,,,synthetic
OP-BLR-0067,TNK-BLR-0067,Mithun Naik,+91-90000-10067,mithun.naik.67@example.com,Bengaluru,Bellandur,560103,12.925855,77.684315,independent,verified,available,KA-41-TX-1067,5,Water Tanker,general,Ashok Leyland Dost,Diesel,2019,30,150,4.0,25.49,2025-01-27,,,synthetic
OP-BLR-0068,TNK-BLR-0068,Arun Das,+91-90000-10068,arun.das.68@example.com,Bengaluru,Koramangala,560034,12.936622,77.616752,independent,verified,available,KA-04-TX-1068,10,Water Tanker,fresh,Mahindra Furio 7,Diesel,2024,50,60,4.1,33.87,2026-04-08,,,synthetic
OP-BLR-0069,TNK-BLR-0069,Suresh Yadav,+91-90000-10069,suresh.yadav.69@example.com,Bengaluru,Jakkur,560064,13.072229,77.601424,independent,verified,available,KA-04-TX-1069,10,Water Tanker,treated,Mahindra Furio 7,Diesel,2018,10,77,4.1,24.97,2025-05-10,,,synthetic
OP-BLR-0070,TNK-BLR-0070,Mithun Bhat,+91-90000-10070,mithun.bhat.70@example.com,Bengaluru,Banashankari,560085,12.933414,77.547289,independent,verified,busy,KA-01-TX-1070,14,Water Tanker,treated,Force Traveller,Diesel,2020,25,97,4.2,26.57,2025-12-14,,,synthetic
OP-BLR-0071,TNK-BLR-0071,Vinod Joshi,+91-90000-10071,vinod.joshi.71@example.com,Bengaluru,Banaswadi,560043,13.011201,77.648,independent,verified,maintenance,KA-51-TX-1071,16,Water Tanker,treated,Tata 709,Diesel,2018,25,24,3.7,36.78,2025-05-14,,,synthetic
OP-BLR-0072,TNK-BLR-0072,Mithun Pillai,+91-90000-10072,mithun.pillai.72@example.com,Bengaluru,Sarjapur,562125,12.86332,77.784973,independent,pending,maintenance,KA-04-TX-1072,14,Water Tanker,fresh,BharatBenz 1015R,Diesel,2021,20,84,3.7,32.15,2025-06-08,,,synthetic
OP-BLR-0073,TNK-BLR-0073,Harish Gowda,+91-90000-10073,harish.gowda.73@example.com,Bengaluru,Bommasandra,560099,12.821726,77.676581,independent,verified,busy,KA-04-TX-1073,14,Water Tanker,general,Tata Ultra,Diesel,2025,10,89,4.5,35.16,2025-10-01,,,synthetic
OP-BLR-0074,TNK-BLR-0074,Sunil Rao,+91-90000-10074,sunil.rao.74@example.com,Bengaluru,Whitefield,560066,12.973999,77.756745,independent,verified,available,KA-02-TX-1074,12,Water Tanker,treated,Ashok Leyland Dost,Diesel,2017,10,179,4.6,26.3,2026-03-06,,,synthetic
OP-BLR-0075,TNK-BLR-0075,Rajesh Sharma,+91-90000-10075,rajesh.sharma.75@example.com,Bengaluru,Banaswadi,560043,13.011186,77.64819,independent,document_update_required,busy,KA-01-TX-1075,6,Water Tanker,general,Tata 407,Diesel,2018,20,94,4.2,30.48,2026-03-29,,,synthetic
OP-BLR-0076,TNK-BLR-0076,Santosh Naik,+91-90000-10076,santosh.naik.76@example.com,Bengaluru,Rajajinagar,560010,12.984821,77.551879,independent,verified,busy,KA-04-TX-1076,10,Water Tanker,treated,Ashok Leyland Partner,Diesel,2023,30,131,3.7,26.09,2025-08-05,,,synthetic
OP-BLR-0077,TNK-BLR-0077,Mohan Hegde,+91-90000-10077,mohan.hegde.77@example.com,Bengaluru,Koramangala,560034,12.92912,77.624458,independent,verified,available,KA-41-TX-1077,12,Water Tanker,fresh,Eicher Pro 2055,Diesel,2018,25,83,4.8,22.85,2025-01-20,,,synthetic
OP-BLR-0078,TNK-BLR-0078,Vijay Bhat,+91-90000-10078,vijay.bhat.78@example.com,Bengaluru,Banaswadi,560043,13.013069,77.649471,independent,verified,available,KA-04-TX-1078,5,Water Tanker,treated,Tata Ultra,Diesel,2024,50,147,4.6,29.24,2026-03-24,,,synthetic
OP-BLR-0079,TNK-BLR-0079,Lokesh Joshi,+91-90000-10079,lokesh.joshi.79@example.com,Bengaluru,BTM Layout,560076,12.915007,77.603358,independent,pending,offline,KA-02-TX-1079,10,Water Tanker,treated,Force Traveller,Diesel,2018,30,150,4.3,40.12,2025-12-24,,,synthetic
OP-BLR-0080,TNK-BLR-0080,Naveen Verma,+91-90000-10080,naveen.verma.80@example.com,Bengaluru,Nagarbhavi,560072,12.954043,77.507956,independent,verified,offline,KA-51-TX-1080,5,Water Tanker,general,Mahindra Furio 7,Diesel,2024,50,26,4.4,33.59,2025-11-27,,,synthetic
OP-BLR-0081,TNK-BLR-0081,Naveen Mishra,+91-90000-10081,naveen.mishra.81@example.com,Bengaluru,Kengeri,560060,12.913603,77.484802,independent,pending,busy,KA-03-TX-1081,10,Water Tanker,treated,Mahindra Furio 7,Diesel,2017,10,17,4.1,27.74,2025-04-03,,,synthetic
OP-BLR-0082,TNK-BLR-0082,Yogesh Menon,+91-90000-10082,yogesh.menon.82@example.com,Bengaluru,Peenya,560058,13.040168,77.531123,independent,verified,offline,KA-41-TX-1082,12,Water Tanker,treated,Mahindra Furio 7,Diesel,2025,15,141,4.9,31.01,2025-12-18,,,synthetic
OP-BLR-0083,TNK-BLR-0083,Raghu Sharma,+91-90000-10083,raghu.sharma.83@example.com,Bengaluru,HSR Layout,560102,12.907564,77.637904,independent,verified,busy,KA-02-TX-1083,10,Water Tanker,general,Eicher Pro 3015,Diesel,2023,50,10,4.1,33.96,2025-12-09,,,synthetic
OP-BLR-0084,TNK-BLR-0084,Rajesh Gowda,+91-90000-10084,rajesh.gowda.84@example.com,Bengaluru,Bellandur,560103,12.933254,77.674946,independent,verified,busy,KA-41-TX-1084,16,Water Tanker,treated,Tata Ultra,Diesel,2019,20,142,4.0,35.12,2026-02-06,,,synthetic
OP-BLR-0085,TNK-BLR-0085,Kiran Hegde,+91-90000-10085,kiran.hegde.85@example.com,Bengaluru,Koramangala,560034,12.933227,77.629167,independent,pending,busy,KA-51-TX-1085,20,Water Tanker,general,Tata 709,Diesel,2023,30,143,4.1,29.25,2025-07-04,,,synthetic
OP-BLR-0086,TNK-BLR-0086,Rajesh Singh,+91-90000-10086,rajesh.singh.86@example.com,Bengaluru,Yelahanka,560064,13.096325,77.590501,independent,verified,offline,KA-01-TX-1086,10,Water Tanker,fresh,Force Traveller,Diesel,2017,40,49,4.1,37.33,2025-05-15,,,synthetic
OP-BLR-0087,TNK-BLR-0087,Naveen Sharma,+91-90000-10087,naveen.sharma.87@example.com,Bengaluru,Peenya,560058,13.038202,77.531638,independent,pending,available,KA-04-TX-1087,5,Water Tanker,treated,Ashok Leyland Partner,Diesel,2024,30,46,4.0,36.97,2026-04-05,,,synthetic
OP-BLR-0088,TNK-BLR-0088,Suraj Verma,+91-90000-10088,suraj.verma.88@example.com,Bengaluru,Jakkur,560064,13.08035,77.59855,independent,pending,available,KA-51-TX-1088,16,Water Tanker,general,Mahindra Furio 7,Diesel,2021,50,79,4.1,32.55,2025-06-15,,,synthetic
OP-BLR-0089,TNK-BLR-0089,Ramesh Rao,+91-90000-10089,ramesh.rao.89@example.com,Bengaluru,Hebbal,560024,13.038059,77.602986,independent,verified,available,KA-41-TX-1089,14,Water Tanker,treated,Ashok Leyland Dost,Diesel,2021,25,13,4.9,24.95,2026-03-24,,,synthetic
OP-BLR-0090,TNK-BLR-0090,Harish Mishra,+91-90000-10090,harish.mishra.90@example.com,Bengaluru,HSR Layout,560102,12.918488,77.637538,independent,verified,available,KA-04-TX-1090,20,Water Tanker,treated,Tata 407,Diesel,2022,10,89,4.8,35.0,2025-05-30,,,synthetic
OP-BLR-0091,TNK-BLR-0091,Suresh Hegde,+91-90000-10091,suresh.hegde.91@example.com,Bengaluru,Koramangala,560034,12.938337,77.618721,independent,verified,available,KA-01-TX-1091,16,Water Tanker,treated,Ashok Leyland Partner,Diesel,2019,30,120,4.9,34.18,2026-03-10,,,synthetic
OP-BLR-0092,TNK-BLR-0092,Rohit Verma,+91-90000-10092,rohit.verma.92@example.com,Bengaluru,Bommanahalli,560068,12.90205,77.619715,independent,verified,busy,KA-01-TX-1092,6,Water Tanker,general,Tata Ultra,Diesel,2025,10,77,4.5,33.5,2025-05-28,,,synthetic
OP-BLR-0093,TNK-BLR-0093,Sachin Kumar,+91-90000-10093,sachin.kumar.93@example.com,Bengaluru,JP Nagar,560078,12.903945,77.586831,independent,verified,busy,KA-41-TX-1093,20,Water Tanker,treated,Force Traveller,Diesel,2025,30,157,4.7,32.15,2025-01-21,,,synthetic
OP-BLR-0094,TNK-BLR-0094,Nithin Reddy,+91-90000-10094,nithin.reddy.94@example.com,Bengaluru,Peenya,560058,13.03109,77.525273,independent,verified,available,KA-01-TX-1094,10,Water Tanker,fresh,Tata 709,Diesel,2022,15,162,3.7,32.92,2025-06-29,,,synthetic
OP-BLR-0095,TNK-BLR-0095,Nithin Sharma,+91-90000-10095,nithin.sharma.95@example.com,Bengaluru,Banaswadi,560043,13.00721,77.655419,independent,verified,available,KA-01-TX-1095,14,Water Tanker,general,Eicher Pro 2055,Diesel,2021,30,34,4.2,38.31,2026-04-30,,,synthetic
OP-BLR-0096,TNK-BLR-0096,Suresh Naik,+91-90000-10096,suresh.naik.96@example.com,Bengaluru,Hennur,560043,13.027612,77.635493,independent,pending,available,KA-01-TX-1096,14,Water Tanker,treated,Eicher Pro 3015,Diesel,2024,25,73,4.1,25.74,2026-05-25,,,synthetic
OP-BLR-0097,TNK-BLR-0097,Sanjay Rao,+91-90000-10097,sanjay.rao.97@example.com,Bengaluru,Vijayanagar,560040,12.973833,77.531263,independent,verified,offline,KA-41-TX-1097,8,Water Tanker,treated,Eicher Pro 2055,Diesel,2021,20,21,4.2,36.35,2025-06-20,,,synthetic
OP-BLR-0098,TNK-BLR-0098,Vikram Mishra,+91-90000-10098,vikram.mishra.98@example.com,Bengaluru,Kalyan Nagar,560043,13.028629,77.646586,independent,verified,available,KA-51-TX-1098,20,Water Tanker,general,Tata 709,Diesel,2023,20,10,4.3,37.0,2025-06-13,,,synthetic
OP-BLR-0099,TNK-BLR-0099,Naveen Kulkarni,+91-90000-10099,naveen.kulkarni.99@example.com,Bengaluru,Whitefield,560066,12.974301,77.742557,independent,verified,offline,KA-03-TX-1099,10,Water Tanker,general,Tata 407,Diesel,2019,40,173,4.2,29.42,2026-03-31,,,synthetic
OP-BLR-0100,TNK-BLR-0100,Ramesh Yadav,+91-90000-10100,ramesh.yadav.100@example.com,Bengaluru,Bellandur,560103,12.928769,77.680793,independent,verified,available,KA-51-TX-1100,8,Water Tanker,fresh,Force Traveller,Diesel,2018,20,93,4.7,36.08,2025-08-08,,,synthetic
OP-BLR-0101,TNK-BLR-0101,Abhishek Naik,+91-90000-10101,abhishek.naik.101@example.com,Bengaluru,JP Nagar,560078,12.900472,77.578885,independent,verified,busy,KA-01-TX-1101,14,Water Tanker,general,Eicher Pro 2055,Diesel,2022,40,31,3.7,32.84,2025-11-04,,,synthetic
OP-BLR-0102,TNK-BLR-0102,Sunil Das,+91-90000-10102,sunil.das.102@example.com,Bengaluru,KR Puram,560036,13.003088,77.703162,independent,pending,available,KA-04-TX-1102,5,Water Tanker,fresh,Eicher Pro 2055,Diesel,2024,50,130,5.0,24.6,2025-03-30,,,synthetic
OP-BLR-0103,TNK-BLR-0103,Anil Nair,+91-90000-10103,anil.nair.103@example.com,Bengaluru,Bellandur,560103,12.930811,77.682707,independent,pending,available,KA-03-TX-1103,12,Water Tanker,treated,Force Traveller,Diesel,2022,15,122,4.8,37.61,2025-07-06,,,synthetic
OP-BLR-0104,TNK-BLR-0104,Sachin Yadav,+91-90000-10104,sachin.yadav.104@example.com,Bengaluru,Koramangala,560034,12.940502,77.62479,independent,verified,available,KA-51-TX-1104,8,Water Tanker,general,Force Traveller,Diesel,2021,50,14,3.7,25.93,2025-10-09,,,synthetic
OP-BLR-0105,TNK-BLR-0105,Anil Kulkarni,+91-90000-10105,anil.kulkarni.105@example.com,Bengaluru,Koramangala,560034,12.928695,77.626756,independent,verified,busy,KA-02-TX-1105,12,Water Tanker,fresh,Tata Ultra,Diesel,2022,50,136,4.9,22.82,2025-01-30,,,synthetic
OP-BLR-0106,TNK-BLR-0106,Suresh Menon,+91-90000-10106,suresh.menon.106@example.com,Bengaluru,HSR Layout,560102,12.914018,77.643171,independent,verified,busy,KA-04-TX-1106,16,Water Tanker,fresh,BharatBenz 1015R,Diesel,2024,15,67,4.7,35.7,2025-11-01,,,synthetic
OP-BLR-0107,TNK-BLR-0107,Vijay Reddy,+91-90000-10107,vijay.reddy.107@example.com,Bengaluru,Banaswadi,560043,13.013234,77.650748,independent,verified,busy,KA-03-TX-1107,14,Water Tanker,treated,Eicher Pro 2055,Diesel,2023,15,40,4.7,32.3,2025-04-19,,,synthetic
OP-BLR-0108,TNK-BLR-0108,Lokesh Mishra,+91-90000-10108,lokesh.mishra.108@example.com,Bengaluru,Kengeri,560060,12.91038,77.478667,independent,verified,available,KA-04-TX-1108,14,Water Tanker,treated,Ashok Leyland Dost,Diesel,2022,30,31,4.6,25.8,2025-06-13,,,synthetic
OP-BLR-0109,TNK-BLR-0109,Raghu Mishra,+91-90000-10109,raghu.mishra.109@example.com,Bengaluru,Attibele,562107,12.782765,77.769958,independent,verified,available,KA-04-TX-1109,20,Water Tanker,treated,Eicher Pro 2055,Diesel,2017,10,127,4.0,33.95,2026-04-27,,,synthetic
OP-BLR-0110,TNK-BLR-0110,Suraj Kumar,+91-90000-10110,suraj.kumar.110@example.com,Bengaluru,JP Nagar,560078,12.905195,77.591819,independent,verified,offline,KA-03-TX-1110,5,Water Tanker,treated,Force Traveller,Diesel,2020,20,27,4.4,23.47,2026-06-01,,,synthetic
OP-BLR-0111,TNK-BLR-0111,Mithun Rao,+91-90000-10111,mithun.rao.111@example.com,Bengaluru,Kalyan Nagar,560043,13.027886,77.633901,independent,document_update_required,available,KA-03-TX-1111,12,Water Tanker,treated,Ashok Leyland Dost,Diesel,2020,30,159,4.3,32.0,2025-02-16,,,synthetic
OP-BLR-0112,TNK-BLR-0112,Ramesh Bhat,+91-90000-10112,ramesh.bhat.112@example.com,Bengaluru,Marathahalli,560037,12.959409,77.691783,independent,pending,available,KA-41-TX-1112,8,Water Tanker,treated,Tata Ultra,Diesel,2021,30,121,4.1,38.57,2026-06-30,,,synthetic
OP-BLR-0113,TNK-BLR-0113,Anil Singh,+91-90000-10113,anil.singh.113@example.com,Bengaluru,Attibele,562107,12.774594,77.772781,independent,document_update_required,busy,KA-51-TX-1113,16,Water Tanker,fresh,Tata Ultra,Diesel,2024,20,4,5.0,37.66,2025-08-22,,,synthetic
OP-BLR-0114,TNK-BLR-0114,Nithin Sharma,+91-90000-10114,nithin.sharma.114@example.com,Bengaluru,Sarjapur,562125,12.862664,77.788316,independent,pending,available,KA-51-TX-1114,8,Water Tanker,fresh,Tata 709,Diesel,2020,10,134,4.2,30.38,2026-02-27,,,synthetic
OP-BLR-0115,TNK-BLR-0115,Pradeep Yadav,+91-90000-10115,pradeep.yadav.115@example.com,Bengaluru,Yelahanka,560064,13.107428,77.602265,independent,verified,available,KA-02-TX-1115,10,Water Tanker,fresh,Mahindra Furio 7,Diesel,2025,25,156,4.0,25.46,2026-06-30,,,synthetic
OP-BLR-0116,TNK-BLR-0116,Suraj Das,+91-90000-10116,suraj.das.116@example.com,Bengaluru,Rajarajeshwari Nagar,560098,12.932252,77.518535,independent,verified,busy,KA-41-TX-1116,10,Water Tanker,general,BharatBenz 1015R,Diesel,2025,20,173,3.9,41.46,2025-11-01,,,synthetic
OP-BLR-0117,TNK-BLR-0117,Dinesh Singh,+91-90000-10117,dinesh.singh.117@example.com,Bengaluru,JP Nagar,560078,12.905977,77.586668,independent,document_update_required,busy,KA-03-TX-1117,6,Water Tanker,fresh,Eicher Pro 3015,Diesel,2023,50,81,4.1,37.46,2025-05-30,,,synthetic
OP-BLR-0118,TNK-BLR-0118,Suresh Hegde,+91-90000-10118,suresh.hegde.118@example.com,Bengaluru,JP Nagar,560078,12.903842,77.584778,independent,verified,available,KA-02-TX-1118,14,Water Tanker,treated,Force Traveller,Diesel,2021,15,20,3.8,36.82,2025-09-03,,,synthetic
OP-BLR-0119,TNK-BLR-0119,Mahesh Yadav,+91-90000-10119,mahesh.yadav.119@example.com,Bengaluru,Thanisandra,560077,13.061007,77.63604,independent,verified,busy,KA-01-TX-1119,12,Water Tanker,treated,Force Traveller,Diesel,2019,25,57,4.5,39.61,2026-05-03,,,synthetic
OP-BLR-0120,TNK-BLR-0120,Ganesh Hegde,+91-90000-10120,ganesh.hegde.120@example.com,Bengaluru,Bommasandra,560099,12.812767,77.671647,independent,verified,busy,KA-02-TX-1120,10,Water Tanker,fresh,Tata 407,Diesel,2019,25,82,4.8,25.52,2025-02-07,,,synthetic
OP-BLR-0121,TNK-BLR-0121,Abhishek Sharma,+91-90000-10121,abhishek.sharma.121@example.com,Bengaluru,Yeshwanthpur,560022,13.034528,77.532848,independent,verified,available,KA-03-TX-1121,8,Water Tanker,general,Force Traveller,Diesel,2025,25,74,4.8,24.68,2026-06-01,,,synthetic
OP-BLR-0122,TNK-BLR-0122,Santosh Naik,+91-90000-10122,santosh.naik.122@example.com,Bengaluru,Banaswadi,560043,13.011491,77.654698,independent,verified,busy,KA-01-TX-1122,12,Water Tanker,general,Tata Ultra,Diesel,2020,15,28,4.5,34.77,2026-02-20,,,synthetic
OP-BLR-0123,TNK-BLR-0123,Raghu Bhat,+91-90000-10123,raghu.bhat.123@example.com,Bengaluru,Malleshwaram,560003,13.001513,77.562026,independent,document_update_required,available,KA-02-TX-1123,5,Water Tanker,treated,Mahindra Furio 7,Diesel,2021,20,22,4.0,36.46,2025-01-12,,,synthetic
OP-BLR-0124,TNK-BLR-0124,Shankar Verma,+91-90000-10124,shankar.verma.124@example.com,Bengaluru,Hennur,560043,13.032585,77.630446,independent,verified,busy,KA-51-TX-1124,14,Water Tanker,fresh,BharatBenz 1015R,Diesel,2022,30,15,3.9,41.15,2026-05-05,,,synthetic
OP-BLR-0125,TNK-BLR-0125,Yogesh Kulkarni,+91-90000-10125,yogesh.kulkarni.125@example.com,Bengaluru,Indiranagar,560038,12.970554,77.641988,independent,verified,busy,KA-51-TX-1125,14,Water Tanker,general,Tata Ultra,Diesel,2018,30,95,4.2,36.08,2025-03-21,,,synthetic
OP-BLR-0126,TNK-BLR-0126,Mahesh Pillai,+91-90000-10126,mahesh.pillai.126@example.com,Bengaluru,Bommanahalli,560068,12.903335,77.624487,independent,verified,offline,KA-04-TX-1126,6,Water Tanker,treated,Tata Ultra,Diesel,2024,10,129,4.9,30.91,2025-02-26,,,synthetic
OP-BLR-0127,TNK-BLR-0127,Ramesh Yadav,+91-90000-10127,ramesh.yadav.127@example.com,Bengaluru,Banaswadi,560043,13.013509,77.643924,independent,verified,offline,KA-51-TX-1127,5,Water Tanker,treated,Tata 407,Diesel,2020,30,106,3.7,30.47,2025-03-07,,,synthetic
OP-BLR-0128,TNK-BLR-0128,Vijay Singh,+91-90000-10128,vijay.singh.128@example.com,Bengaluru,Sarjapur,562125,12.857193,77.78128,independent,verified,busy,KA-51-TX-1128,12,Water Tanker,treated,Eicher Pro 3015,Diesel,2024,50,8,4.9,29.55,2025-03-24,,,synthetic
OP-BLR-0129,TNK-BLR-0129,Vikram Gowda,+91-90000-10129,vikram.gowda.129@example.com,Bengaluru,Koramangala,560034,12.943086,77.622789,independent,verified,maintenance,KA-01-TX-1129,14,Water Tanker,general,Mahindra Furio 7,Diesel,2025,25,45,4.3,38.47,2025-09-11,,,synthetic
OP-BLR-0130,TNK-BLR-0130,Vikram Patil,+91-90000-10130,vikram.patil.130@example.com,Bengaluru,Banaswadi,560043,13.009216,77.657003,independent,verified,available,KA-51-TX-1130,10,Water Tanker,general,Tata 407,Diesel,2020,15,70,3.7,33.88,2026-04-03,,,synthetic
OP-BLR-0131,TNK-BLR-0131,Lokesh Reddy,+91-90000-10131,lokesh.reddy.131@example.com,Bengaluru,Sarjapur,562125,12.859623,77.787036,independent,verified,offline,KA-02-TX-1131,10,Water Tanker,treated,Tata Ultra,Diesel,2022,30,102,4.4,35.45,2025-11-25,,,synthetic
OP-BLR-0132,TNK-BLR-0132,Anil Patil,+91-90000-10132,anil.patil.132@example.com,Bengaluru,Thanisandra,560077,13.05914,77.641817,independent,verified,busy,KA-41-TX-1132,16,Water Tanker,general,Eicher Pro 3015,Diesel,2025,25,169,3.7,28.89,2026-01-26,,,synthetic
OP-BLR-0133,TNK-BLR-0133,Pradeep Joshi,+91-90000-10133,pradeep.joshi.133@example.com,Bengaluru,Kengeri,560060,12.910898,77.477642,independent,verified,available,KA-02-TX-1133,8,Water Tanker,fresh,Mahindra Furio 7,Diesel,2017,30,38,4.2,30.33,2026-06-27,,,synthetic
OP-BLR-0134,TNK-BLR-0134,Karthik Verma,+91-90000-10134,karthik.verma.134@example.com,Bengaluru,Koramangala,560034,12.930453,77.626847,independent,pending,offline,KA-01-TX-1134,10,Water Tanker,general,Tata 407,Diesel,2021,25,65,4.5,34.06,2025-03-16,,,synthetic
OP-BLR-0135,TNK-BLR-0135,Mithun Naik,+91-90000-10135,mithun.naik.135@example.com,Bengaluru,Hebbal,560024,13.031142,77.603513,independent,verified,offline,KA-02-TX-1135,16,Water Tanker,general,Tata 709,Diesel,2024,15,122,4.6,36.08,2026-02-11,,,synthetic
OP-BLR-0136,TNK-BLR-0136,Mithun Bhat,+91-90000-10136,mithun.bhat.136@example.com,Bengaluru,Thanisandra,560077,13.056891,77.643738,independent,verified,available,KA-41-TX-1136,16,Water Tanker,fresh,Mahindra Furio 7,Diesel,2022,15,72,4.1,30.28,2025-08-15,,,synthetic
OP-BLR-0137,TNK-BLR-0137,Ravi Rao,+91-90000-10137,ravi.rao.137@example.com,Bengaluru,Indiranagar,560038,12.978856,77.642466,independent,verified,available,KA-03-TX-1137,8,Water Tanker,fresh,Ashok Leyland Partner,Diesel,2024,30,141,4.5,35.7,2025-09-21,,,synthetic
OP-BLR-0138,TNK-BLR-0138,Abhishek Mishra,+91-90000-10138,abhishek.mishra.138@example.com,Bengaluru,Attibele,562107,12.780424,77.767635,independent,verified,busy,KA-02-TX-1138,16,Water Tanker,fresh,Tata 407,Diesel,2025,10,43,4.8,23.49,2025-02-19,,,synthetic
OP-BLR-0139,TNK-BLR-0139,Pradeep Patil,+91-90000-10139,pradeep.patil.139@example.com,Bengaluru,Electronic City,560100,12.840903,77.663515,independent,verified,available,KA-03-TX-1139,5,Water Tanker,fresh,Tata Ultra,Diesel,2024,40,161,4.3,22.13,2026-02-26,,,synthetic
OP-BLR-0140,TNK-BLR-0140,Ravi Yadav,+91-90000-10140,ravi.yadav.140@example.com,Bengaluru,Electronic City,560100,12.845772,77.656787,independent,verified,busy,KA-04-TX-1140,14,Water Tanker,general,Tata 709,Diesel,2018,30,70,3.8,25.84,2026-06-24,,,synthetic
OP-BLR-0141,TNK-BLR-0141,Vikram Rao,+91-90000-10141,vikram.rao.141@example.com,Bengaluru,Hennur,560043,13.023164,77.638349,independent,verified,available,KA-51-TX-1141,8,Water Tanker,fresh,Tata 709,Diesel,2017,10,101,4.2,29.54,2026-05-03,,,synthetic
OP-BLR-0142,TNK-BLR-0142,Arun Sharma,+91-90000-10142,arun.sharma.142@example.com,Bengaluru,Sarjapur,562125,12.860598,77.785343,independent,pending,busy,KA-01-TX-1142,16,Water Tanker,general,Ashok Leyland Partner,Diesel,2020,50,21,4.6,33.34,2025-10-05,,,synthetic
OP-BLR-0143,TNK-BLR-0143,Vijay Rao,+91-90000-10143,vijay.rao.143@example.com,Bengaluru,Marathahalli,560037,12.960116,77.689926,independent,pending,available,KA-02-TX-1143,12,Water Tanker,general,Eicher Pro 3015,Diesel,2018,20,139,3.8,26.81,2026-02-03,,,synthetic
OP-BLR-0144,TNK-BLR-0144,Karthik Patil,+91-90000-10144,karthik.patil.144@example.com,Bengaluru,Rajarajeshwari Nagar,560098,12.931487,77.515013,independent,document_update_required,available,KA-04-TX-1144,8,Water Tanker,treated,Tata Ultra,Diesel,2023,50,176,4.1,34.68,2026-04-07,,,synthetic
OP-BLR-0145,TNK-BLR-0145,Harish Das,+91-90000-10145,harish.das.145@example.com,Bengaluru,Attibele,562107,12.783758,77.76891,independent,verified,busy,KA-01-TX-1145,14,Water Tanker,treated,Ashok Leyland Partner,Diesel,2018,10,141,4.0,29.6,2025-06-07,,,synthetic
OP-BLR-0146,TNK-BLR-0146,Deepak Das,+91-90000-10146,deepak.das.146@example.com,Bengaluru,Peenya,560058,13.026364,77.534387,independent,verified,offline,KA-01-TX-1146,6,Water Tanker,treated,Mahindra Furio 7,Diesel,2025,30,27,4.3,24.07,2025-04-02,,,synthetic
OP-BLR-0147,TNK-BLR-0147,Mithun Shetty,+91-90000-10147,mithun.shetty.147@example.com,Bengaluru,Nagarbhavi,560072,12.961269,77.509991,independent,verified,available,KA-04-TX-1147,14,Water Tanker,fresh,Force Traveller,Diesel,2020,30,152,4.3,35.71,2025-06-23,,,synthetic
OP-BLR-0148,TNK-BLR-0148,Santosh Hegde,+91-90000-10148,santosh.hegde.148@example.com,Bengaluru,Koramangala,560034,12.93509,77.617512,independent,verified,available,KA-04-TX-1148,14,Water Tanker,treated,Ashok Leyland Partner,Diesel,2024,30,68,4.5,31.16,2025-05-19,,,synthetic
OP-BLR-0149,TNK-BLR-0149,Arun Nair,+91-90000-10149,arun.nair.149@example.com,Bengaluru,Jayanagar,560041,12.930466,77.591878,independent,pending,available,KA-04-TX-1149,14,Water Tanker,general,Tata Ultra,Diesel,2019,20,85,4.0,40.95,2025-07-25,,,synthetic
OP-BLR-0150,TNK-BLR-0150,Deepak Sharma,+91-90000-10150,deepak.sharma.150@example.com,Bengaluru,Bommasandra,560099,12.8237,77.675363,independent,verified,available,KA-41-TX-1150,14,Water Tanker,treated,BharatBenz 1015R,Diesel,2023,20,101,3.8,33.28,2025-07-04,,,synthetic
OP-BLR-0151,TNK-BLR-0151,Yogesh Naik,+91-90000-10151,yogesh.naik.151@example.com,Bengaluru,Whitefield,560066,12.974563,77.755301,independent,verified,offline,KA-04-TX-1151,12,Water Tanker,treated,BharatBenz 1015R,Diesel,2020,20,112,4.5,36.3,2026-01-22,,,synthetic
OP-BLR-0152,TNK-BLR-0152,Ashok Kulkarni,+91-90000-10152,ashok.kulkarni.152@example.com,Bengaluru,Bellandur,560103,12.931716,77.67895,independent,pending,offline,KA-04-TX-1152,10,Water Tanker,general,Eicher Pro 2055,Diesel,2025,30,122,4.5,23.7,2025-09-12,,,synthetic
OP-BLR-0153,TNK-BLR-0153,Ajay Kulkarni,+91-90000-10153,ajay.kulkarni.153@example.com,Bengaluru,Nagarbhavi,560072,12.960712,77.51512,independent,verified,maintenance,KA-03-TX-1153,20,Water Tanker,treated,Tata 407,Diesel,2018,20,11,3.9,36.94,2025-08-15,,,synthetic
OP-BLR-0154,TNK-BLR-0154,Shankar Nair,+91-90000-10154,shankar.nair.154@example.com,Bengaluru,Kalyan Nagar,560043,13.029357,77.641417,independent,verified,available,KA-01-TX-1154,10,Water Tanker,treated,Tata 709,Diesel,2018,50,118,4.9,24.83,2025-11-16,,,synthetic
OP-BLR-0155,TNK-BLR-0155,Yogesh Naik,+91-90000-10155,yogesh.naik.155@example.com,Bengaluru,Rajarajeshwari Nagar,560098,12.927627,77.514619,independent,verified,busy,KA-03-TX-1155,5,Water Tanker,treated,Tata 709,Diesel,2017,50,133,4.1,24.19,2025-06-18,,,synthetic
OP-BLR-0156,TNK-BLR-0156,Sanjay Sharma,+91-90000-10156,sanjay.sharma.156@example.com,Bengaluru,Thanisandra,560077,13.053362,77.644158,independent,document_update_required,available,KA-04-TX-1156,12,Water Tanker,treated,Eicher Pro 3015,Diesel,2023,10,141,4.6,39.66,2026-04-06,,,synthetic
OP-BLR-0157,TNK-BLR-0157,Karthik Kumar,+91-90000-10157,karthik.kumar.157@example.com,Bengaluru,Malleshwaram,560003,12.998537,77.564954,independent,verified,offline,KA-41-TX-1157,6,Water Tanker,general,Ashok Leyland Dost,Diesel,2022,20,180,3.9,24.28,2026-05-17,,,synthetic
OP-BLR-0158,TNK-BLR-0158,Karthik Kulkarni,+91-90000-10158,karthik.kulkarni.158@example.com,Bengaluru,Kengeri,560060,12.915492,77.480267,independent,pending,busy,KA-51-TX-1158,12,Water Tanker,treated,Tata Ultra,Diesel,2018,40,100,3.8,24.36,2025-11-09,,,synthetic
OP-BLR-0159,TNK-BLR-0159,Sunil Das,+91-90000-10159,sunil.das.159@example.com,Bengaluru,Bommanahalli,560068,12.902362,77.622115,independent,verified,busy,KA-04-TX-1159,8,Water Tanker,fresh,Ashok Leyland Dost,Diesel,2025,15,177,4.3,24.81,2025-11-19,,,synthetic
OP-BLR-0160,TNK-BLR-0160,Mahesh Das,+91-90000-10160,mahesh.das.160@example.com,Bengaluru,Kalyan Nagar,560043,13.024754,77.635122,independent,verified,busy,KA-51-TX-1160,10,Water Tanker,fresh,Eicher Pro 3015,Diesel,2024,25,2,3.8,33.31,2025-08-14,,,synthetic
OP-BLR-0161,TNK-BLR-0161,Suresh Rao,+91-90000-10161,suresh.rao.161@example.com,Bengaluru,JP Nagar,560078,12.906902,77.580391,independent,verified,offline,KA-04-TX-1161,10,Water Tanker,treated,Tata 709,Diesel,2021,50,57,4.4,41.82,2025-02-12,,,synthetic
OP-BLR-0162,TNK-BLR-0162,Suraj Naik,+91-90000-10162,suraj.naik.162@example.com,Bengaluru,Kalyan Nagar,560043,13.018639,77.645281,independent,verified,available,KA-01-TX-1162,10,Water Tanker,treated,Tata 709,Diesel,2024,50,108,5.0,37.51,2025-08-31,,,synthetic
OP-BLR-0163,TNK-BLR-0163,Vikram Kulkarni,+91-90000-10163,vikram.kulkarni.163@example.com,Bengaluru,Yelahanka,560064,13.099551,77.598158,independent,pending,offline,KA-01-TX-1163,12,Water Tanker,fresh,Tata Ultra,Diesel,2025,15,161,4.1,36.08,2025-10-24,,,synthetic
OP-BLR-0164,TNK-BLR-0164,Raghu Gowda,+91-90000-10164,raghu.gowda.164@example.com,Bengaluru,Banashankari,560085,12.932904,77.551371,independent,pending,maintenance,KA-51-TX-1164,6,Water Tanker,general,Ashok Leyland Partner,Diesel,2019,40,34,4.1,26.95,2026-02-07,,,synthetic
OP-BLR-0165,TNK-BLR-0165,Naveen Menon,+91-90000-10165,naveen.menon.165@example.com,Bengaluru,Attibele,562107,12.772999,77.768628,independent,verified,busy,KA-01-TX-1165,10,Water Tanker,fresh,Eicher Pro 2055,Diesel,2024,25,161,4.1,22.05,2025-04-06,,,synthetic
OP-BLR-0166,TNK-BLR-0166,Vikram Shetty,+91-90000-10166,vikram.shetty.166@example.com,Bengaluru,Banaswadi,560043,13.012563,77.65849,independent,pending,available,KA-03-TX-1166,14,Water Tanker,treated,Tata Ultra,Diesel,2019,30,136,4.8,37.77,2025-02-19,,,synthetic
OP-BLR-0167,TNK-BLR-0167,Manoj Mishra,+91-90000-10167,manoj.mishra.167@example.com,Bengaluru,Marathahalli,560037,12.953088,77.703122,independent,verified,available,KA-04-TX-1167,8,Water Tanker,fresh,Ashok Leyland Dost,Diesel,2021,15,4,4.8,39.53,2025-04-06,,,synthetic
OP-BLR-0168,TNK-BLR-0168,Mohan Shetty,+91-90000-10168,mohan.shetty.168@example.com,Bengaluru,Vijayanagar,560040,12.972832,77.540383,independent,verified,busy,KA-51-TX-1168,12,Water Tanker,treated,Tata 709,Diesel,2018,10,95,3.9,23.56,2025-08-20,,,synthetic
OP-BLR-0169,TNK-BLR-0169,Arun Kumar,+91-90000-10169,arun.kumar.169@example.com,Bengaluru,Kalyan Nagar,560043,13.022497,77.63393,independent,pending,busy,KA-04-TX-1169,5,Water Tanker,treated,Tata 709,Diesel,2018,20,178,4.1,27.99,2026-01-27,,,synthetic
OP-BLR-0170,TNK-BLR-0170,Naveen Shetty,+91-90000-10170,naveen.shetty.170@example.com,Bengaluru,Koramangala,560034,12.936213,77.626265,independent,verified,available,KA-02-TX-1170,12,Water Tanker,treated,Eicher Pro 3015,Diesel,2024,50,135,3.9,39.93,2025-05-24,,,synthetic
OP-BLR-0171,TNK-BLR-0171,Karthik Das,+91-90000-10171,karthik.das.171@example.com,Bengaluru,Bommanahalli,560068,12.905132,77.618137,independent,verified,available,KA-41-TX-1171,12,Water Tanker,fresh,BharatBenz 1015R,Diesel,2017,50,109,4.8,39.52,2025-07-30,,,synthetic
OP-BLR-0172,TNK-BLR-0172,Vinod Hegde,+91-90000-10172,vinod.hegde.172@example.com,Bengaluru,Hebbal,560024,13.028673,77.603367,independent,document_update_required,available,KA-01-TX-1172,8,Water Tanker,fresh,Tata 709,Diesel,2025,10,165,5.0,40.68,2025-05-16,,,synthetic
OP-BLR-0173,TNK-BLR-0173,Pradeep Das,+91-90000-10173,pradeep.das.173@example.com,Bengaluru,Peenya,560058,13.035827,77.531504,independent,document_update_required,offline,KA-01-TX-1173,12,Water Tanker,treated,Ashok Leyland Partner,Diesel,2017,10,139,4.9,29.96,2025-10-21,,,synthetic
OP-BLR-0174,TNK-BLR-0174,Sachin Nair,+91-90000-10174,sachin.nair.174@example.com,Bengaluru,Rajajinagar,560010,12.993249,77.553602,independent,verified,available,KA-01-TX-1174,10,Water Tanker,treated,Ashok Leyland Dost,Diesel,2025,20,21,4.1,34.69,2025-03-09,,,synthetic
OP-BLR-0175,TNK-BLR-0175,Sachin Verma,+91-90000-10175,sachin.verma.175@example.com,Bengaluru,Jayanagar,560041,12.920912,77.600594,independent,verified,busy,KA-01-TX-1175,8,Water Tanker,fresh,Ashok Leyland Dost,Diesel,2018,10,14,4.6,36.03,2025-06-17,,,synthetic
OP-BLR-0176,TNK-BLR-0176,Vikram Yadav,+91-90000-10176,vikram.yadav.176@example.com,Bengaluru,Attibele,562107,12.781228,77.773532,independent,verified,available,KA-03-TX-1176,12,Water Tanker,treated,Tata 407,Diesel,2022,50,132,4.2,32.48,2025-09-27,,,synthetic
OP-BLR-0177,TNK-BLR-0177,Abhishek Mishra,+91-90000-10177,abhishek.mishra.177@example.com,Bengaluru,Bellandur,560103,12.928162,77.678394,independent,verified,available,KA-03-TX-1177,14,Water Tanker,general,Tata 709,Diesel,2020,40,130,4.3,22.88,2025-01-13,,,synthetic
OP-BLR-0178,TNK-BLR-0178,Suresh Singh,+91-90000-10178,suresh.singh.178@example.com,Bengaluru,Thanisandra,560077,13.056928,77.637601,independent,document_update_required,offline,KA-41-TX-1178,14,Water Tanker,fresh,Eicher Pro 3015,Diesel,2020,20,93,3.9,40.32,2025-11-24,,,synthetic
OP-BLR-0179,TNK-BLR-0179,Vijay Menon,+91-90000-10179,vijay.menon.179@example.com,Bengaluru,Banashankari,560085,12.91941,77.549573,independent,verified,available,KA-41-TX-1179,20,Water Tanker,general,Tata 709,Diesel,2024,50,95,4.0,38.9,2025-12-02,,,synthetic
OP-BLR-0180,TNK-BLR-0180,Mithun Mishra,+91-90000-10180,mithun.mishra.180@example.com,Bengaluru,HSR Layout,560102,12.909503,77.635566,independent,pending,busy,KA-02-TX-1180,10,Water Tanker,fresh,Mahindra Furio 7,Diesel,2020,40,2,4.9,37.21,2025-09-09,,,synthetic
OP-BLR-0181,TNK-BLR-0181,Arun Joshi,+91-90000-10181,arun.joshi.181@example.com,Bengaluru,Indiranagar,560038,12.967628,77.638743,independent,pending,offline,KA-03-TX-1181,5,Water Tanker,fresh,BharatBenz 1015R,Diesel,2018,15,6,4.3,26.76,2026-05-19,,,synthetic
OP-BLR-0182,TNK-BLR-0182,Naveen Rao,+91-90000-10182,naveen.rao.182@example.com,Bengaluru,Sarjapur,562125,12.853302,77.782104,independent,pending,available,KA-03-TX-1182,10,Water Tanker,fresh,Tata Ultra,Diesel,2018,30,23,3.8,38.4,2025-03-18,,,synthetic
OP-BLR-0183,TNK-BLR-0183,Sachin Patil,+91-90000-10183,sachin.patil.183@example.com,Bengaluru,Sarjapur,562125,12.857267,77.792015,independent,pending,available,KA-51-TX-1183,8,Water Tanker,fresh,Ashok Leyland Partner,Diesel,2018,15,60,3.8,37.4,2025-04-22,,,synthetic
OP-BLR-0184,TNK-BLR-0184,Manoj Sharma,+91-90000-10184,manoj.sharma.184@example.com,Bengaluru,Indiranagar,560038,12.971357,77.639704,independent,verified,maintenance,KA-02-TX-1184,10,Water Tanker,fresh,Tata 709,Diesel,2018,15,115,4.7,28.08,2025-02-11,,,synthetic
OP-BLR-0185,TNK-BLR-0185,Deepak Patil,+91-90000-10185,deepak.patil.185@example.com,Bengaluru,Yelahanka,560064,13.104079,77.603794,independent,verified,available,KA-03-TX-1185,8,Water Tanker,general,Tata 407,Diesel,2023,50,23,4.2,36.96,2025-09-13,,,synthetic
OP-BLR-0186,TNK-BLR-0186,Yogesh Gowda,+91-90000-10186,yogesh.gowda.186@example.com,Bengaluru,BTM Layout,560076,12.910543,77.603087,independent,pending,available,KA-02-TX-1186,14,Water Tanker,treated,Tata 709,Diesel,2021,50,35,3.7,41.94,2025-07-22,,,synthetic
OP-BLR-0187,TNK-BLR-0187,Ramesh Shetty,+91-90000-10187,ramesh.shetty.187@example.com,Bengaluru,Kalyan Nagar,560043,13.01896,77.647076,independent,verified,maintenance,KA-04-TX-1187,14,Water Tanker,treated,Tata 407,Diesel,2023,40,84,4.2,29.08,2025-07-11,,,synthetic
OP-BLR-0188,TNK-BLR-0188,Santosh Mishra,+91-90000-10188,santosh.mishra.188@example.com,Bengaluru,Banashankari,560085,12.918054,77.548707,independent,verified,available,KA-04-TX-1188,16,Water Tanker,fresh,Tata 709,Diesel,2021,25,38,3.8,25.99,2026-06-23,,,synthetic
OP-BLR-0189,TNK-BLR-0189,Suraj Kumar,+91-90000-10189,suraj.kumar.189@example.com,Bengaluru,Thanisandra,560077,13.063311,77.640946,independent,verified,available,KA-41-TX-1189,10,Water Tanker,treated,Ashok Leyland Dost,Diesel,2017,20,97,4.4,22.59,2025-10-15,,,synthetic
OP-BLR-0190,TNK-BLR-0190,Nithin Yadav,+91-90000-10190,nithin.yadav.190@example.com,Bengaluru,Sarjapur,562125,12.864869,77.794394,independent,document_update_required,available,KA-51-TX-1190,8,Water Tanker,fresh,Tata 407,Diesel,2020,30,91,4.8,37.95,2025-12-30,,,synthetic
OP-BLR-0191,TNK-BLR-0191,Sunil Verma,+91-90000-10191,sunil.verma.191@example.com,Bengaluru,Mahadevapura,560048,12.988388,77.71121,independent,verified,busy,KA-51-TX-1191,12,Water Tanker,general,Tata Ultra,Diesel,2019,30,151,4.9,38.73,2026-05-20,,,synthetic
OP-BLR-0192,TNK-BLR-0192,Sunil Singh,+91-90000-10192,sunil.singh.192@example.com,Bengaluru,Jayanagar,560041,12.918444,77.589522,independent,verified,busy,KA-01-TX-1192,10,Water Tanker,fresh,Ashok Leyland Dost,Diesel,2022,40,9,3.8,38.05,2025-11-28,,,synthetic
OP-BLR-0193,TNK-BLR-0193,Ravi Patil,+91-90000-10193,ravi.patil.193@example.com,Bengaluru,Sarjapur,562125,12.863875,77.780666,independent,verified,busy,KA-03-TX-1193,20,Water Tanker,treated,Eicher Pro 3015,Diesel,2018,20,150,4.0,24.73,2025-06-11,,,synthetic
OP-BLR-0194,TNK-BLR-0194,Abhishek Bhat,+91-90000-10194,abhishek.bhat.194@example.com,Bengaluru,Malleshwaram,560003,13.006415,77.569492,independent,pending,busy,KA-03-TX-1194,8,Water Tanker,fresh,Ashok Leyland Dost,Diesel,2023,20,44,4.6,27.89,2025-07-01,,,synthetic
OP-BLR-0195,TNK-BLR-0195,Vinod Menon,+91-90000-10195,vinod.menon.195@example.com,Bengaluru,Electronic City,560100,12.840113,77.657291,independent,pending,busy,KA-51-TX-1195,12,Water Tanker,general,Ashok Leyland Dost,Diesel,2022,40,8,3.7,28.94,2025-11-24,,,synthetic
OP-BLR-0196,TNK-BLR-0196,Kiran Bhat,+91-90000-10196,kiran.bhat.196@example.com,Bengaluru,KR Puram,560036,12.999682,77.690755,independent,verified,available,KA-01-TX-1196,12,Water Tanker,treated,Mahindra Furio 7,Diesel,2023,15,114,4.8,31.86,2026-01-23,,,synthetic
OP-BLR-0197,TNK-BLR-0197,Suraj Nair,+91-90000-10197,suraj.nair.197@example.com,Bengaluru,Nagarbhavi,560072,12.964961,77.51742,independent,verified,offline,KA-02-TX-1197,6,Water Tanker,treated,Tata 407,Diesel,2021,10,25,4.0,41.03,2025-03-17,,,synthetic
OP-BLR-0198,TNK-BLR-0198,Ajay Nair,+91-90000-10198,ajay.nair.198@example.com,Bengaluru,Rajarajeshwari Nagar,560098,12.931612,77.515753,independent,pending,available,KA-41-TX-1198,20,Water Tanker,general,Tata 407,Diesel,2023,40,41,3.8,39.8,2025-06-10,,,synthetic
OP-BLR-0199,TNK-BLR-0199,Manoj Bhat,+91-90000-10199,manoj.bhat.199@example.com,Bengaluru,Sarjapur,562125,12.86819,77.784948,independent,verified,maintenance,KA-41-TX-1199,8,Water Tanker,treated,Ashok Leyland Partner,Diesel,2018,10,52,4.2,32.99,2026-05-18,,,synthetic
OP-BLR-0200,TNK-BLR-0200,Mahesh Das,+91-90000-10200,mahesh.das.200@example.com,Bengaluru,Indiranagar,560038,12.970742,77.637913,independent,verified,busy,KA-02-TX-1200,6,Water Tanker,treated,BharatBenz 1015R,Diesel,2018,25,0,,38.88,2025-11-12,,,synthetic
OP-BLR-0201,TNK-BLR-0201,MS Engineering,+91-90000-20001,source_operator_01@example.com,Bengaluru,Bengaluru,,,,unclassified,to_be_verified,unknown,,,Water Tanker / Tanker Body Builder,unknown,,,,,,,,,,to_be_verified,user_provided_online_list
OP-BLR-0202,TNK-BLR-0202,Shankar Builders,+91-90000-20002,source_operator_02@example.com,Bengaluru,Bengaluru,,,,unclassified,to_be_verified,unknown,,,Water Tanker / Tanker Body Builder,unknown,,,,,,,,,,to_be_verified,user_provided_online_list
OP-BLR-0203,TNK-BLR-0203,Diamond Truck Body Builders,+91-90000-20003,source_operator_03@example.com,Bengaluru,Bengaluru,,,,unclassified,to_be_verified,unknown,,,Water Tanker / Tanker Body Builder,unknown,,,,,,,,,,to_be_verified,user_provided_online_list
OP-BLR-0204,TNK-BLR-0204,Mm Dass & Sons Engineering Works,+91-90000-20004,source_operator_04@example.com,Bengaluru,Bengaluru,,,,unclassified,to_be_verified,unknown,,,Water Tanker / Tanker Body Builder,unknown,,,,,,,,,,to_be_verified,user_provided_online_list
OP-BLR-0205,TNK-BLR-0205,S R Truck Body Builders,+91-90000-20005,source_operator_05@example.com,Bengaluru,Bengaluru,,,,unclassified,to_be_verified,unknown,,,Water Tanker / Tanker Body Builder,unknown,,,,,,,,,,to_be_verified,user_provided_online_list
OP-BLR-0206,TNK-BLR-0206,Dharmashastra Engineering,+91-90000-20006,source_operator_06@example.com,Bengaluru,Bengaluru,,,,unclassified,to_be_verified,unknown,,,Water Tanker / Tanker Body Builder,unknown,,,,,,,,,,to_be_verified,user_provided_online_list
OP-BLR-0207,TNK-BLR-0207,Golden Fabrications,+91-90000-20007,source_operator_07@example.com,Bengaluru,Bengaluru,,,,unclassified,to_be_verified,unknown,,,Water Tanker / Tanker Body Builder,unknown,,,,,,,,,,to_be_verified,user_provided_online_list
OP-BLR-0208,TNK-BLR-0208,Hindustan Agriculture Works,+91-90000-20008,source_operator_08@example.com,Bengaluru,Bengaluru,,,,unclassified,to_be_verified,unknown,,,Water Tanker / Tanker Body Builder,unknown,,,,,,,,,,to_be_verified,user_provided_online_list
OP-BLR-0209,TNK-BLR-0209,Transporter Auto Engineering,+91-90000-20009,source_operator_09@example.com,Bengaluru,Bengaluru,,,,unclassified,to_be_verified,unknown,,,Water Tanker / Tanker Body Builder,unknown,,,,,,,,,,to_be_verified,user_provided_online_list
OP-BLR-0210,TNK-BLR-0210,Capitol Industries,+91-90000-20010,source_operator_10@example.com,Bengaluru,Bengaluru,,,,unclassified,to_be_verified,unknown,,,Water Tanker / Tanker Body Builder,unknown,,,,,,,,,,to_be_verified,user_provided_online_list
OP-BLR-0211,TNK-BLR-0211,Rishi Engineering Works,+91-90000-20011,source_operator_11@example.com,Bengaluru,Bengaluru,,,,unclassified,to_be_verified,unknown,,,Water Tanker / Tanker Body Builder,unknown,,,,,,,,,,to_be_verified,user_provided_online_list
OP-BLR-0212,TNK-BLR-0212,Modern Agricultural Works,+91-90000-20012,source_operator_12@example.com,Bengaluru,Bengaluru,,,,unclassified,to_be_verified,unknown,,,Water Tanker / Tanker Body Builder,unknown,,,,,,,,,,to_be_verified,user_provided_online_list
